N_agents,x_ini,a_i,a_1,mu,sigma,time_steps,N_simulations,gamma_1,gamma_1_def,gamma_1_rel,error,rel_error
2,1.0,0.5,0.86,1.0,0.1,10000,100,-0.2762554891957324,-0.5179484517491225,0.24169296255339012,0.008989582657866962,0.03719422594226821
2,1.0,0.5,1.42,1.0,0.1,10000,100,-0.3211432761488001,-0.4851545344478095,0.16401125829900937,0.010074791620785496,0.0614274393433292
2,1.0,0.5,0.02,1.0,0.1,10000,100,-0.465806080004676,-0.5123948810542256,0.046588801049549586,0.0006240092554331176,0.013393975405579801
2,1.0,0.5,1.1400000000000001,1.0,0.1,10000,100,-0.3022888699534383,-0.49734284259889,0.19505397264545166,0.009375459735635342,0.04806597686004096
2,1.0,0.5,0.3,1.0,0.1,10000,100,-0.26673911416471335,-0.5160398492849912,0.24930073512027773,0.005051920158062702,0.020264361256798345
3,1.0,0.5,0.22,1.0,0.1,10000,100,-0.19612858352382273,-0.5162618265358286,0.32013324301200596,0.00563957386374008,0.017616333157655165
2,1.0,0.5,0.58,1.0,0.1,10000,100,-0.26043663324097116,-0.5155581198064292,0.25512148656545824,0.007883933675661786,0.030902664380794725
2,1.0,0.5,1.44,1.0,0.1,10000,100,-0.31010120919836304,-0.5104651024114656,0.20036389321310255,0.010828966724453798,0.054046497853464805
2,1.0,0.5,0.88,1.0,0.1,10000,100,-0.26770935279666735,-0.5153907360987428,0.24768138330207534,0.009627206291435259,0.03886931735880123
2,1.0,0.5,0.04,1.0,0.1,10000,100,-0.44118792411953656,-0.5184341367994799,0.07724621267994332,0.0011910336341123709,0.015418667049052854
2,1.0,0.5,0.32,1.0,0.1,10000,100,-0.26577330142726074,-0.5125543409854184,0.24678103955815772,0.00617578686639322,0.025025370172078402
2,1.0,0.5,1.16,1.0,0.1,10000,100,-0.30348759198543096,-0.5276612869324618,0.22417369494703088,0.009309600676235234,0.04152851510269732
3,1.0,0.5,0.24,1.0,0.1,10000,100,-0.18615646921862206,-0.5006922270808042,0.3145357578621821,0.006469422991693849,0.020568163809624822
2,1.0,0.5,0.6,1.0,0.1,10000,100,-0.24352952739185593,-0.49155396275094404,0.24802443535908814,0.007911541433376112,0.031898233824912595
2,1.0,0.5,0.9,1.0,0.1,10000,100,-0.2694955330125937,-0.508166385498968,0.2386708524863743,0.00954786854375654,0.04000433418781888
2,1.0,0.5,0.06,1.0,0.1,10000,100,-0.40220897415136636,-0.5060122519044745,0.1038032777531083,0.001780080216288413,0.017148593520546224
2,1.0,0.5,1.46,1.0,0.1,10000,100,-0.3245626912529866,-0.5015978694780876,0.17703517822510106,0.011792066850810074,0.06660860835136621
2,1.0,0.5,0.34,1.0,0.1,10000,100,-0.25469524507145236,-0.4990677682921767,0.2443725232207243,0.006410210923337277,0.026231307999988972
2,1.0,0.5,1.18,1.0,0.1,10000,100,-0.28947908852941984,-0.5073925815927811,0.21791349306336116,0.00931607390331794,0.04275124854526182
3,1.0,0.5,0.26,1.0,0.1,10000,100,-0.1852086376694435,-0.5168258509603463,0.3316172132909027,0.0067591462678366215,0.020382374608242465
2,1.0,0.5,0.62,1.0,0.1,10000,100,-0.26641717412254134,-0.5223734933613995,0.2559563192388582,0.008925062335009419,0.03486947445388351
2,1.0,0.5,0.36,1.0,0.1,10000,100,-0.24516443021817239,-0.4902091112800485,0.2450446810618761,0.006217165180705642,0.025371557357475344
2,1.0,0.5,0.08,1.0,0.1,10000,100,-0.39044419234594924,-0.5196633939083667,0.12921920156241748,0.0022656536629164954,0.01753341326615537
2,1.0,0.5,0.92,1.0,0.1,10000,100,-0.27871253611529884,-0.5080120491523048,0.2292995130370059,0.008388066179082571,0.036581264687329924
2,1.0,0.5,1.2,1.0,0.1,10000,100,-0.3018780011865537,-0.500196918118661,0.19831891693210732,0.010154786316546604,0.05120432520324323
2,1.0,0.5,1.48,1.0,0.1,10000,100,-0.3182940229930776,-0.5029890453155409,0.18469502232246338,0.011932570714416134,0.06460688850391852
3,1.0,0.5,0.28,1.0,0.1,10000,100,-0.1830954821065759,-0.49673206542656007,0.3136365833199843,0.006456663919399373,0.02058645025096461
2,1.0,0.5,0.64,1.0,0.1,10000,100,-0.256895005033588,-0.5018851997116356,0.2449901946780476,0.008498722871084018,0.03469005313560636
2,1.0,0.5,0.38,1.0,0.1,10000,100,-0.2595961561463706,-0.5249409049323949,0.26534474878602415,0.0063357477057229385,0.02387741884740342
2,1.0,0.5,0.9400000000000001,1.0,0.1,10000,100,-0.27279407119179244,-0.5005590210591843,0.22776494986739176,0.009103773097691144,0.03997003535000227
2,1.0,0.5,1.22,1.0,0.1,10000,100,-0.28320518259067556,-0.5091863500737481,0.2259811674830726,0.01028082833245851,0.045494181869064856
2,1.0,0.5,0.1,1.0,0.1,10000,100,-0.36383984896949145,-0.5148711210727902,0.1510312721032986,0.0024330704207491073,0.016109712822156435
3,1.0,0.5,0.02,1.0,0.1,10000,100,-0.42099027992342447,-0.5046922308202625,0.08370195089683795,0.00102449010520162,0.012239739865374187
3,1.0,0.5,0.3,1.0,0.1,10000,100,-0.1816261291591988,-0.5132739827610846,0.331647853601886,0.0071899895293928515,0.021679590117365272
2,1.0,0.5,0.66,1.0,0.1,10000,100,-0.2746845924263867,-0.517418419330025,0.2427338269036382,0.007866046555809622,0.03240605834032489
2,1.0,0.5,0.4,1.0,0.1,10000,100,-0.25786365761090985,-0.5081821828661671,0.2503185252552573,0.006420512781544515,0.025649371236097392
2,1.0,0.5,1.24,1.0,0.1,10000,100,-0.304487825054748,-0.5113111226266405,0.20682329757189247,0.010447920654922909,0.05051616900794833
2,1.0,0.5,0.96,1.0,0.1,10000,100,-0.28804031435347505,-0.5085985360078472,0.2205582216543721,0.009275115805241195,0.04205291344693491
2,1.0,0.5,0.12,1.0,0.1,10000,100,-0.34357498571362,-0.5116622666890661,0.16808728097544623,0.002936282743126755,0.017468797913125146
3,1.0,0.5,0.04,1.0,0.1,10000,100,-0.37336648696034286,-0.5149114502136654,0.14154496325332247,0.0019372553663554379,0.013686501602238854
3,1.0,0.5,0.32,1.0,0.1,10000,100,-0.17350377035834966,-0.5014643482197234,0.32796057786137384,0.006701283394462137,0.020433197911045007
2,1.0,0.5,0.68,1.0,0.1,10000,100,-0.27505291904724516,-0.5160186258680611,0.24096570682081592,0.007678029422647276,0.03186357728635935
2,1.0,0.5,0.42,1.0,0.1,10000,100,-0.26617552259416105,-0.5158786614332319,0.24970313883907097,0.005961512437776059,0.023874399278649608
2,1.0,0.5,1.26,1.0,0.1,10000,100,-0.3090283831352626,-0.4996085175198921,0.19058013438462956,0.010127038823626203,0.05313795614808296
2,1.0,0.5,0.14,1.0,0.1,10000,100,-0.3137069473999559,-0.4884560598841733,0.17474911248421726,0.0031961065837832077,0.018289687073929313
2,1.0,0.5,0.98,1.0,0.1,10000,100,-0.2813181810772785,-0.5034605907356925,0.22214240965841395,0.010402773198114766,0.04682929844018079
3,1.0,0.5,0.06,1.0,0.1,10000,100,-0.3255926355733122,-0.5087869325990216,0.18319429702570939,0.002675089449496398,0.014602471217327127
3,1.0,0.5,0.34,1.0,0.1,10000,100,-0.16676957122815417,-0.5090779080198807,0.34230833679172656,0.0065056190714599515,0.019005143527714367
2,1.0,0.5,0.7000000000000001,1.0,0.1,10000,100,-0.25969641317285924,-0.5052014390777972,0.2455050259049381,0.007654624463775218,0.031179094747898
2,1.0,0.5,0.44,1.0,0.1,10000,100,-0.2596962177478493,-0.5144424475025587,0.25474622975470934,0.00668048953049005,0.026224095787099874
2,1.0,0.5,1.28,1.0,0.1,10000,100,-0.29558078322896786,-0.4840081749530982,0.18842739172413028,0.010026142391925317,0.05320958009440702
2,1.0,0.5,0.16,1.0,0.1,10000,100,-0.31299126294357305,-0.5028406826899383,0.1898494197463653,0.00398345637653053,0.020982188841305604
2,1.0,0.5,1.0,1.0,0.1,10000,100,-0.29786520983423365,-0.5296448230363655,0.23177961320213197,0.009442516021908617,0.040739200016154664
3,1.0,0.5,0.08,1.0,0.1,10000,100,-0.29097603972646,-0.5057694923019239,0.21479345257546395,0.002915606991684326,0.013574003102631717
3,1.0,0.5,0.36,1.0,0.1,10000,100,-0.16314797311894572,-0.49962415922501435,0.3364761861060686,0.008235090630485577,0.024474512522825613
2,1.0,0.5,0.72,1.0,0.1,10000,100,-0.26414266830198146,-0.5264977146317813,0.26235504632979983,0.009150976154251537,0.034880122499142165
2,1.0,0.5,0.46,1.0,0.1,10000,100,-0.25770409966670943,-0.5239468274828476,0.2662427278161383,0.0068542557927807266,0.02574438689463148
2,1.0,0.5,1.3,1.0,0.1,10000,100,-0.30535258218627187,-0.5082020619377737,0.20284947975150175,0.010500334249218366,0.05176416652427047
2,1.0,0.5,0.18,1.0,0.1,10000,100,-0.30271069414505225,-0.5038461306573077,0.2011354365122554,0.0038519422345838572,0.019150987520536462
3,1.0,0.5,0.1,1.0,0.1,10000,100,-0.27518987455762184,-0.5151542268808491,0.2399643523232272,0.003440522584200709,0.014337640365708962
2,1.0,0.5,1.02,1.0,0.1,10000,100,-0.2881712440233602,-0.516682690870157,0.2285114468467967,0.009449594518007044,0.04135282782723105
3,1.0,0.5,0.38,1.0,0.1,10000,100,-0.1683708940009713,-0.5040332100805872,0.3356623160796159,0.006839269597315361,0.02037544660120009
2,1.0,0.5,0.74,1.0,0.1,10000,100,-0.2649473186287669,-0.49205930197764314,0.22711198334887606,0.008261715635820203,0.03637727747341734
2,1.0,0.5,0.48,1.0,0.1,10000,100,-0.25369946027593243,-0.5209323742125377,0.2672329139366055,0.0071566883839704245,0.026780714540530645
2,1.0,0.5,1.32,1.0,0.1,10000,100,-0.3037612676177379,-0.50198013377232,0.1982188661545821,0.010264602196211463,0.0517841837931136
2,1.0,0.5,0.2,1.0,0.1,10000,100,-0.31047233067550384,-0.5270035951861537,0.2165312645106499,0.004034499780428157,0.018632412227148492
2,1.0,0.5,1.04,1.0,0.1,10000,100,-0.28381596923217256,-0.5012328970985995,0.21741692786642694,0.00943591343503713,0.04340008631174391
3,1.0,0.5,0.12,1.0,0.1,10000,100,-0.25021105761029533,-0.5135149910778989,0.26330393346760356,0.0041789363383911765,0.015871150435758093
3,1.0,0.5,0.4,1.0,0.1,10000,100,-0.17602232879718605,-0.5258601758362076,0.3498378470390216,0.008866738677065162,0.02534528139854505
2,1.0,0.5,0.76,1.0,0.1,10000,100,-0.26343337359954,-0.506744807093586,0.24331143349404605,0.0082629953636601,0.03396057162213999
2,1.0,0.5,0.5,1.0,0.1,10000,100,-0.2541606250892629,-0.5038212374968366,0.24966061240757373,0.007147651405400779,0.02862947157131922
2,1.0,0.5,1.34,1.0,0.1,10000,100,-0.31151429392474245,-0.48622166703042957,0.17470737310568718,0.01133787708720006,0.06489638580016507
2,1.0,0.5,0.22,1.0,0.1,10000,100,-0.2788834993989553,-0.49633253379148107,0.21744903439252572,0.004138116264824505,0.019030281170872576
3,1.0,0.5,0.14,1.0,0.1,10000,100,-0.23061305772225457,-0.5021423182399576,0.27152926051770304,0.004399017665419732,0.016200897306730327
2,1.0,0.5,1.06,1.0,0.1,10000,100,-0.3002018926947795,-0.52777991908937,0.22757802639459046,0.009723077123311458,0.042724147306088846
3,1.0,0.5,0.42,1.0,0.1,10000,100,-0.16220039714390377,-0.505044236896863,0.342843839752959,0.007512490339541861,0.021912280369264014
2,1.0,0.5,0.78,1.0,0.1,10000,100,-0.24723793827758878,-0.5077012200300637,0.2604632817524749,0.009165339900920074,0.03518860639109254
2,1.0,0.5,0.52,1.0,0.1,10000,100,-0.24715255844769823,-0.5078381235635331,0.2606855651158348,0.007170575072114681,0.027506605779757918
2,1.0,0.5,1.36,1.0,0.1,10000,100,-0.3061261935153214,-0.4964088934526675,0.19028269993734614,0.010276352144985273,0.0540057091284123
2,1.0,0.5,0.24,1.0,0.1,10000,100,-0.29494860148576874,-0.5274256219542092,0.23247702046844038,0.004285500949811489,0.01843408411367377
3,1.0,0.5,0.16,1.0,0.1,10000,100,-0.20828488835722805,-0.48654733186913335,0.27826244351190543,0.004976250108576781,0.01788329767313307
2,1.0,0.5,1.08,1.0,0.1,10000,100,-0.2855987344991966,-0.49622501671287417,0.21062628221367766,0.010824746526517773,0.05139314245473035
3,1.0,0.5,0.44,1.0,0.1,10000,100,-0.1727894741312395,-0.5138620355822454,0.34107256145100584,0.00971873920633998,0.02849463810572769
2,1.0,0.5,0.8,1.0,0.1,10000,100,-0.2793298152408406,-0.5049119889850332,0.22558217374419262,0.009348346417188682,0.04144098029567527
2,1.0,0.5,0.54,1.0,0.1,10000,100,-0.24824553919903752,-0.5080122652561081,0.2597667260570706,0.007502546634722519,0.02888186161715806
2,1.0,0.5,1.3800000000000001,1.0,0.1,10000,100,-0.30761925062758827,-0.5184288452558362,0.21080959462824794,0.00997448142517442,0.047315120750380996
2,1.0,0.5,0.26,1.0,0.1,10000,100,-0.26670979311095727,-0.4934709286336279,0.2267611355226706,0.004860926757351681,0.021436330992731806
3,1.0,0.5,0.18,1.0,0.1,10000,100,-0.20064536526959595,-0.4916084536018583,0.2909630883322625,0.005087691128567066,0.017485692627640888
2,1.0,0.5,1.1,1.0,0.1,10000,100,-0.2917384132854545,-0.5086096683727371,0.21687125508728272,0.00943754809161383,0.04351682332366068
3,1.0,0.5,0.46,1.0,0.1,10000,100,-0.17108943244849595,-0.5136423452001119,0.34255291275161576,0.008535653612428655,0.024917766846191836
2,1.0,0.5,0.8200000000000001,1.0,0.1,10000,100,-0.2724630760612534,-0.5234307421032343,0.2509676660419809,0.00948503955581657,0.037793870841632445
2,1.0,0.5,1.4000000000000001,1.0,0.1,10000,100,-0.32056798396194486,-0.5018689503223416,0.18130096636039664,0.009721001133694462,0.05361803264948242
2,1.0,0.5,0.56,1.0,0.1,10000,100,-0.2490862777137612,-0.5124499962660471,0.26336371855228596,0.006664056944073811,0.025303625650132163
2,1.0,0.5,0.28,1.0,0.1,10000,100,-0.27617464572506933,-0.5135125366265874,0.23733789090151802,0.005371985393411971,0.02263433526356331
3,1.0,0.5,0.2,1.0,0.1,10000,100,-0.2048865351436969,-0.5189628273298822,0.31407629218618544,0.0049500254873189355,0.015760583050899443
2,1.0,0.5,1.12,1.0,0.1,10000,100,-0.2875078744817686,-0.5130075942999303,0.2254997198181616,0.010087793630840981,0.04473528232751497
3,1.0,0.5,0.48,1.0,0.1,10000,100,-0.17681210058326546,-0.5079932663028641,0.3311811657195986,0.007950173221592676,0.024005511316799504
2,1.0,0.5,0.84,1.0,0.1,10000,100,-0.2804869694668841,-0.5068382284953177,0.22635125902843356,0.009219230911892017,0.040729753178593654
3,1.0,0.5,0.5,1.0,0.1,10000,100,-0.17201330095451542,-0.5135845822357198,0.3415712812812044,0.008830486966304108,0.02585254513547425
3,1.0,0.5,0.78,1.0,0.1,10000,100,-0.17672464562316237,-0.5015179398016518,0.32479329417848946,0.009168665420010507,0.028229232512946793
3,1.0,0.5,1.06,1.0,0.1,10000,100,-0.18415807397640965,-0.48868587607824404,0.30452780210183433,0.010198143181124681,0.03348838139157624
3,1.0,0.5,1.34,1.0,0.1,10000,100,-0.20044859757130987,-0.4918445839944751,0.29139598642316544,0.010250468125762384,0.03517710813928867
4,1.0,0.5,0.14,1.0,0.1,10000,100,-0.185731670870183,-0.530541752238426,0.3448100813682431,0.005534036483801747,0.01604952054140094
4,1.0,0.5,0.42,1.0,0.1,10000,100,-0.1270348759146237,-0.49631062344092786,0.36927574752630415,0.008216159090632901,0.022249387200949745
4,1.0,0.5,0.7000000000000001,1.0,0.1,10000,100,-0.1340372482701724,-0.5079151865493784,0.37387793827920596,0.008991882695809722,0.0240503163604554
2,1.0,0.5,1.46,1.0,0.1,10000,500,-0.32145997779268565,-0.5087891480430327,0.18732917025034698,0.0049443759682894885,0.026394052574309795
2,1.0,0.5,0.02,1.0,0.1,10000,500,-0.4602642590989088,-0.5057562640547804,0.04549200495587163,0.00027441850362121137,0.006032235859628613
2,1.0,0.5,0.98,1.0,0.1,10000,500,-0.2812736275918026,-0.5077424640277431,0.2264688364359406,0.004350312429433892,0.0192093203546106
2,1.0,0.5,0.26,1.0,0.1,10000,500,-0.27419339075338345,-0.5051522089230233,0.2309588181696399,0.002255279099407479,0.009764853826672122
2,1.0,0.5,1.22,1.0,0.1,10000,500,-0.3047642975258104,-0.5045128502651436,0.19974855273933315,0.004392990140835834,0.021992600600058292
3,1.0,0.5,0.22,1.0,0.1,10000,500,-0.19263602277428502,-0.5065194566577667,0.3138834338834816,0.002666829606016645,0.008496241974358588
2,1.0,0.5,0.74,1.0,0.1,10000,500,-0.2631351774259839,-0.5056714423131187,0.24253626488713478,0.0038438310273875573,0.01584847952192345
2,1.0,0.5,0.5,1.0,0.1,10000,500,-0.25252445394223527,-0.5062027802788361,0.2536783263366008,0.0031461453281311016,0.012402105349577808
2,1.0,0.5,1.0,1.0,0.1,10000,500,-0.28362717345178884,-0.511186510816751,0.22755933736496217,0.004253240517192833,0.01869068774080423
2,1.0,0.5,1.48,1.0,0.1,10000,500,-0.3183391805133585,-0.5114667345742612,0.1931275540609025,0.0047449401284405494,0.024568944351380535
2,1.0,0.5,0.28,1.0,0.1,10000,500,-0.2706407062321048,-0.5069776361061672,0.23633692987406238,0.0022699444821519094,0.009604696495640786
2,1.0,0.5,0.04,1.0,0.1,10000,500,-0.4238546048408415,-0.5021232810322157,0.07826867619137426,0.0005069291523676446,0.006476781990385978
2,1.0,0.5,1.24,1.0,0.1,10000,500,-0.300415844104053,-0.5067359286370573,0.20632008453300427,0.004510855778106531,0.02186338663207045
2,1.0,0.5,0.76,1.0,0.1,10000,500,-0.2688527525737926,-0.502938382004078,0.23408562943028546,0.004028352116301711,0.01720888260465139
2,1.0,0.5,0.52,1.0,0.1,10000,500,-0.24915113586408644,-0.505182113507822,0.2560309776437356,0.003306931900629895,0.012916139800987112
3,1.0,0.5,0.24,1.0,0.1,10000,500,-0.19214083827569053,-0.5117145267296062,0.31957368845391576,0.0028521240503606355,0.008924777456364111
3,1.0,0.5,0.02,1.0,0.1,10000,500,-0.42095426897590893,-0.5058691227011991,0.08491485372529008,0.00045955944548905364,0.005412003028066027
2,1.0,0.5,1.02,1.0,0.1,10000,500,-0.2855613893011466,-0.5094258567337066,0.22386446743256,0.004266174167933974,0.019056950917050626
2,1.0,0.5,0.3,1.0,0.1,10000,500,-0.26245059081639094,-0.5014772695379591,0.23902667872156827,0.0024096926856909916,0.010081270837963395
2,1.0,0.5,0.06,1.0,0.1,10000,500,-0.4020749311108026,-0.5079947626481289,0.10591983153732623,0.0007256220517575515,0.006850672260575129
2,1.0,0.5,0.54,1.0,0.1,10000,500,-0.25250162894169215,-0.5092785129625629,0.2567768840208707,0.0031465328480624623,0.012253956815702748
2,1.0,0.5,1.26,1.0,0.1,10000,500,-0.30099040184149095,-0.5103099694146201,0.2093195675731292,0.004884868946318856,0.02333689584282295
2,1.0,0.5,0.78,1.0,0.1,10000,500,-0.26408666611727133,-0.5100979420111323,0.24601127589386096,0.0036528182784416265,0.014848174195143792
3,1.0,0.5,0.26,1.0,0.1,10000,500,-0.18628463865647482,-0.5119362439035066,0.3256516052470318,0.0028646277231342723,0.008796602494746592
2,1.0,0.5,1.04,1.0,0.1,10000,500,-0.2868732599825542,-0.500318500438902,0.2134452404563479,0.00413350569361792,0.019365649403942888
3,1.0,0.5,0.04,1.0,0.1,10000,500,-0.3701854219032696,-0.5100519967755848,0.1398665748723152,0.0008450024445150957,0.006041489507314396
2,1.0,0.5,0.32,1.0,0.1,10000,500,-0.27023364324976795,-0.5192642178750803,0.24903057462531217,0.0024769426158611336,0.00994633939863772
2,1.0,0.5,0.08,1.0,0.1,10000,500,-0.37184386294222393,-0.5013242268782685,0.12948036393604456,0.0009588696849754407,0.007405522009878379
2,1.0,0.5,0.56,1.0,0.1,10000,500,-0.2575140351818155,-0.5148918400846589,0.25737780490284345,0.0032341744829495213,0.012565863960843
2,1.0,0.5,0.8,1.0,0.1,10000,500,-0.2678418171619876,-0.5055393788937385,0.23769756173175086,0.0038539444464417852,0.016213647369219052
2,1.0,0.5,1.28,1.0,0.1,10000,500,-0.30429897115950316,-0.500431564165142,0.19613259300563884,0.0045190981134623645,0.023041035883987114
3,1.0,0.5,0.28,1.0,0.1,10000,500,-0.17442786992965123,-0.5041843972852985,0.3297565273556473,0.0028147525963168486,0.008535851038002642
2,1.0,0.5,1.06,1.0,0.1,10000,500,-0.2914860026684357,-0.5091277487856691,0.2176417461172335,0.004262602111907855,0.019585406696800665
3,1.0,0.5,0.06,1.0,0.1,10000,500,-0.32206567498654887,-0.5030630024667421,0.18099732748019318,0.0010986094517372658,0.006069755100983402
2,1.0,0.5,0.34,1.0,0.1,10000,500,-0.2590647728385026,-0.5069066596400076,0.24784188680150485,0.002525356292770029,0.01018938455222693
2,1.0,0.5,0.1,1.0,0.1,10000,500,-0.3556897356101702,-0.5045183960192053,0.14882866040903525,0.0010461218471984677,0.007029034893704913
2,1.0,0.5,0.8200000000000001,1.0,0.1,10000,500,-0.2735459187844731,-0.514445125602705,0.2408992068182318,0.0037911295682016115,0.015737409924567215
2,1.0,0.5,1.3,1.0,0.1,10000,500,-0.30766962567242606,-0.5090183216276801,0.20134869595525393,0.00470943585217352,0.023389452957868206
2,1.0,0.5,0.58,1.0,0.1,10000,500,-0.253087680050093,-0.5046478813933007,0.2515602013432076,0.003349178790247112,0.013313627403556471
3,1.0,0.5,0.3,1.0,0.1,10000,500,-0.17586400749649242,-0.505567708322418,0.3297037008259257,0.003028459790287206,0.009185398230898681
2,1.0,0.5,1.08,1.0,0.1,10000,500,-0.2931799150146807,-0.5103252028808021,0.2171452878661215,0.004261995610879085,0.01962739165450724
2,1.0,0.5,0.36,1.0,0.1,10000,500,-0.2563064217435219,-0.5043630275864218,0.2480566058428999,0.002726550732701266,0.010991647343703698
3,1.0,0.5,0.08,1.0,0.1,10000,500,-0.2923275531340781,-0.5061483281547421,0.21382077502066396,0.0014487405078598059,0.006775489929450482
2,1.0,0.5,0.12,1.0,0.1,10000,500,-0.3466180848964999,-0.5138397105100873,0.16722162561358736,0.0012988711713389598,0.007767363620422919
2,1.0,0.5,0.84,1.0,0.1,10000,500,-0.27404339537584627,-0.5093369786467428,0.23529358327089656,0.0039608270431196685,0.016833553163919122
2,1.0,0.5,1.32,1.0,0.1,10000,500,-0.3116231637279677,-0.5036153215713959,0.19199215784342807,0.004499860339816248,0.023437729907103487
2,1.0,0.5,0.6,1.0,0.1,10000,500,-0.25376682903167785,-0.5023420284260632,0.24857519939438538,0.0033877328882438162,0.013628603724335726
3,1.0,0.5,0.32,1.0,0.1,10000,500,-0.1701361392253049,-0.5068493452007915,0.33671320597548654,0.0032568527522278505,0.0096724829749177
2,1.0,0.5,1.1,1.0,0.1,10000,500,-0.28620416634429535,-0.501986222479591,0.21578205613529552,0.004378682166216818,0.02029215146356461
3,1.0,0.5,0.1,1.0,0.1,10000,500,-0.27275534222805664,-0.5126180404067638,0.2398626981787071,0.0016327717182332557,0.006807109778348182
2,1.0,0.5,0.38,1.0,0.1,10000,500,-0.2601151674396627,-0.5157173928435921,0.25560222540392935,0.002774127127042307,0.010853298020619115
2,1.0,0.5,0.14,1.0,0.1,10000,500,-0.32809504338370876,-0.5080733272935665,0.1799782839098575,0.0015032938199078178,0.008352640036621005
2,1.0,0.5,0.86,1.0,0.1,10000,500,-0.2696264054443135,-0.5048926613628699,0.23526625591855652,0.003957486018126593,0.016821307427515565
2,1.0,0.5,1.34,1.0,0.1,10000,500,-0.3154913719989077,-0.5135603803822328,0.1980690083833252,0.004493338339228653,0.02268572138520856
2,1.0,0.5,0.62,1.0,0.1,10000,500,-0.25532544449219663,-0.5052733992258076,0.24994795473361103,0.003433658144927949,0.013737492465531336
3,1.0,0.5,0.34,1.0,0.1,10000,500,-0.1722026942729514,-0.5026648894291066,0.3304621951561552,0.003196986593190483,0.009674288436169808
2,1.0,0.5,1.12,1.0,0.1,10000,500,-0.29713238507985257,-0.5106726206677346,0.213540235587882,0.004161209042657391,0.019486768061304567
3,1.0,0.5,0.12,1.0,0.1,10000,500,-0.2478837087578295,-0.5061360198040327,0.25825231104620305,0.0017736517105899651,0.006867902569408748
2,1.0,0.5,0.4,1.0,0.1,10000,500,-0.25385201727014484,-0.5067914703368174,0.2529394530666726,0.0028227087959130184,0.01115962243805824
2,1.0,0.5,0.16,1.0,0.1,10000,500,-0.3112284989878568,-0.5040772242469073,0.19284872525905042,0.001565265260219305,0.008116544499408594
2,1.0,0.5,0.88,1.0,0.1,10000,500,-0.2736193784041223,-0.5041274003937825,0.23050802198966006,0.004051306565181171,0.01757555563668366
2,1.0,0.5,0.64,1.0,0.1,10000,500,-0.2570446406875703,-0.5074917058796903,0.25044706519212007,0.0037218246856491706,0.014860723893067493
2,1.0,0.5,1.36,1.0,0.1,10000,500,-0.3148472422305606,-0.5030467811314354,0.18819953890087476,0.004885762394586225,0.025960543915889027
3,1.0,0.5,0.36,1.0,0.1,10000,500,-0.1673456664427687,-0.4995162731439112,0.3321706067011425,0.0031323452138457045,0.009429928930057046
2,1.0,0.5,1.1400000000000001,1.0,0.1,10000,500,-0.2933728549516286,-0.5036862466025396,0.210313391650911,0.004361789618251034,0.020739476378617665
3,1.0,0.5,0.14,1.0,0.1,10000,500,-0.2339585374139385,-0.509008994544523,0.2750504571305845,0.0019562144682988883,0.007112202207212275
2,1.0,0.5,0.42,1.0,0.1,10000,500,-0.2543563244041261,-0.5083388154662355,0.25398249106210946,0.0030541954226223486,0.012025220360073832
2,1.0,0.5,0.18,1.0,0.1,10000,500,-0.3076297866345136,-0.5134761571274001,0.2058463704928864,0.0017212375195058834,0.008361757923564484
2,1.0,0.5,0.9,1.0,0.1,10000,500,-0.2815017884143073,-0.5104874019434963,0.22898561352918897,0.004081595895081509,0.017824682660953394
2,1.0,0.5,0.66,1.0,0.1,10000,500,-0.2590833293786485,-0.5064671006158777,0.24738377123722927,0.0036788660324469044,0.01487108881091091
2,1.0,0.5,1.3800000000000001,1.0,0.1,10000,500,-0.3122538820070148,-0.5054948871255351,0.19324100511852035,0.0048252660982073476,0.024970197682670253
3,1.0,0.5,0.38,1.0,0.1,10000,500,-0.17455509904382335,-0.5177841722604547,0.3432290732166314,0.003533079209524567,0.010293647844029342
2,1.0,0.5,1.16,1.0,0.1,10000,500,-0.3016522009661925,-0.5150233660673623,0.21337116510116988,0.004574721878995331,0.02144020667847142
3,1.0,0.5,0.16,1.0,0.1,10000,500,-0.22273497207843276,-0.512360475638484,0.2896255035600511,0.0021664563339233315,0.007480198764588897
2,1.0,0.5,0.44,1.0,0.1,10000,500,-0.25226043176237706,-0.5024982035251019,0.2502377717627248,0.0032994303940475905,0.013185181320972225
2,1.0,0.5,0.2,1.0,0.1,10000,500,-0.29476091044165725,-0.5089104807318618,0.2141495702902046,0.0019296341086287255,0.009010684009376175
2,1.0,0.5,0.92,1.0,0.1,10000,500,-0.2791420389768305,-0.5134667545245765,0.234324715547746,0.004341389695398725,0.018527237663558044
2,1.0,0.5,0.68,1.0,0.1,10000,500,-0.2620863316849917,-0.5118553238376073,0.2497689921526157,0.003412460960208465,0.013662468390485228
2,1.0,0.5,1.4000000000000001,1.0,0.1,10000,500,-0.31782470605503127,-0.5071077703829944,0.18928306432796313,0.004563250896915106,0.024108078095188407
3,1.0,0.5,0.4,1.0,0.1,10000,500,-0.17188173958656885,-0.5136963965939444,0.3418146570073756,0.0035127493168632166,0.010276766208967508
2,1.0,0.5,1.18,1.0,0.1,10000,500,-0.2955334436119441,-0.4973978674632779,0.20186442385133369,0.004436578335976755,0.021978010049181054
3,1.0,0.5,0.18,1.0,0.1,10000,500,-0.20688766760596378,-0.5030454042359312,0.2961577366299674,0.0024135341779018193,0.008149488868215506
2,1.0,0.5,0.46,1.0,0.1,10000,500,-0.248583082667457,-0.5010317592977213,0.2524486766302643,0.0032435685877299277,0.0128484277716395
2,1.0,0.5,0.22,1.0,0.1,10000,500,-0.2907452384302615,-0.5117548187125727,0.22100958028231116,0.0019781889812478136,0.00895069335329687
2,1.0,0.5,0.9400000000000001,1.0,0.1,10000,500,-0.2795457091839405,-0.5041850337323558,0.2246393245484153,0.004191982622492929,0.01866094741390417
2,1.0,0.5,0.7000000000000001,1.0,0.1,10000,500,-0.26438648939124904,-0.5166438001353209,0.25225731074407187,0.004028984037705903,0.015971723577888754
2,1.0,0.5,1.42,1.0,0.1,10000,500,-0.3195354627322602,-0.5133348238565143,0.19379936112425414,0.0049706018054067715,0.025648184682197577
3,1.0,0.5,0.42,1.0,0.1,10000,500,-0.16555282231271154,-0.5062395616959735,0.3406867393832619,0.003351555148952704,0.009837644855270724
2,1.0,0.5,1.2,1.0,0.1,10000,500,-0.2972809503259095,-0.5070059576451967,0.20972500731928728,0.004475771183821302,0.021341142103322695
3,1.0,0.5,0.2,1.0,0.1,10000,500,-0.200891105138689,-0.5088141625681388,0.3079230574294498,0.002498004349518547,0.008112430327147166
2,1.0,0.5,0.48,1.0,0.1,10000,500,-0.2501030413589852,-0.5044954466062892,0.254392405247304,0.003209661637846207,0.012616971150243184
2,1.0,0.5,0.24,1.0,0.1,10000,500,-0.2815989421994103,-0.5074382830577864,0.22583934085837615,0.002161819875788136,0.009572379495846179
2,1.0,0.5,0.96,1.0,0.1,10000,500,-0.2792995096521368,-0.5042918761896977,0.22499236653756094,0.0041672055276948386,0.0185215418275053
2,1.0,0.5,0.72,1.0,0.1,10000,500,-0.25928363743678196,-0.5049960275811594,0.24571239014437746,0.003659535200878568,0.014893572109767324
2,1.0,0.5,1.44,1.0,0.1,10000,500,-0.3257237545077966,-0.5097607018244277,0.18403694731663126,0.004729582479756624,0.025699092213366744
3,1.0,0.5,0.44,1.0,0.1,10000,500,-0.17103705822278129,-0.5105602951212633,0.33952323689848196,0.0035084483645792582,0.010333455808882648
3,1.0,0.5,0.46,1.0,0.1,10000,500,-0.16732955442117284,-0.5071850888359597,0.3398555344147868,0.003555920352915718,0.010463035004090265
3,1.0,0.5,0.7000000000000001,1.0,0.1,10000,500,-0.17563856217894872,-0.5052945504766222,0.3296559882976735,0.004301728272122062,0.013049143424743972
3,1.0,0.5,0.9400000000000001,1.0,0.1,10000,500,-0.18662039945049358,-0.5163367001028399,0.32971630065234636,0.004430502740932148,0.013437317876508875
3,1.0,0.5,1.18,1.0,0.1,10000,500,-0.19639346033721797,-0.5051164362874351,0.3087229759502172,0.004752147044389968,0.015392916674774056
3,1.0,0.5,1.42,1.0,0.1,10000,500,-0.20192477490996222,-0.508274979291086,0.30635020438112376,0.004694647476805509,0.015324447020655479
4,1.0,0.5,0.18,1.0,0.1,10000,500,-0.1536715931902687,-0.5074439734559103,0.3537723802656416,0.002830464731789744,0.008000807552201776
4,1.0,0.5,0.42,1.0,0.1,10000,500,-0.12364174188866743,-0.5081362569871475,0.3844945150984801,0.004067664899762392,0.010579253383420946
4,1.0,0.5,0.66,1.0,0.1,10000,500,-0.127502128730505,-0.5128328770040219,0.38533074827351693,0.004048197250707714,0.010505772687089604
3,1.0,0.5,0.48,1.0,0.1,10000,500,-0.16650811097692098,-0.5096249402796941,0.343116829302773,0.003526903836065712,0.01027901733421972
3,1.0,0.5,0.72,1.0,0.1,10000,500,-0.1760409463365382,-0.512363128382758,0.33632218204621983,0.0042814251973841986,0.012730130291542335
3,1.0,0.5,0.96,1.0,0.1,10000,500,-0.18287825534413518,-0.5107918826517335,0.3279136273075984,0.004377123800466797,0.013348404689387458
3,1.0,0.5,1.2,1.0,0.1,10000,500,-0.19403575597635275,-0.501795093521577,0.3077593375452243,0.004494463522581402,0.01460382504859322
3,1.0,0.5,1.44,1.0,0.1,10000,500,-0.20319845848866114,-0.5018148133934573,0.29861635490479627,0.00476865292710848,0.015969161932302082
4,1.0,0.5,0.2,1.0,0.1,10000,500,-0.1451323571877683,-0.5015482126723566,0.3564158554845883,0.002892583610208966,0.008115754576283276
4,1.0,0.5,0.44,1.0,0.1,10000,500,-0.12572464779590797,-0.5045695671126714,0.3788449193167635,0.003635084234510694,0.009595177470154462
4,1.0,0.5,0.68,1.0,0.1,10000,500,-0.12648271715329365,-0.5072216023377554,0.38073888518446164,0.004174880969866479,0.010965207737696188
3,1.0,0.5,0.5,1.0,0.1,10000,500,-0.17289495035192845,-0.5079718079160978,0.33507685756416933,0.003678869811813791,0.010979182025751403
3,1.0,0.5,0.74,1.0,0.1,10000,500,-0.1747593604605264,-0.5015278490346515,0.3267684885741252,0.004022590528752908,0.01231021554834046
3,1.0,0.5,0.98,1.0,0.1,10000,500,-0.1808480072979044,-0.5129620890459554,0.33211408174805107,0.004412200109248464,0.013285194310416668
3,1.0,0.5,1.22,1.0,0.1,10000,500,-0.1965896881220214,-0.5068952390275219,0.3103055509055003,0.004555263027267393,0.014679927619646873
3,1.0,0.5,1.46,1.0,0.1,10000,500,-0.20387374687456977,-0.4987070623924959,0.2948333155179261,0.00456664019940009,0.015488887988719967
4,1.0,0.5,0.22,1.0,0.1,10000,500,-0.1410091991411841,-0.5053374589842629,0.36432825984307865,0.003073587490098966,0.008436313700789512
4,1.0,0.5,0.46,1.0,0.1,10000,500,-0.12370939393689549,-0.5087375621600749,0.3850281682231794,0.004144306897476132,0.010763645986217579
4,1.0,0.5,0.7000000000000001,1.0,0.1,10000,500,-0.12996690852887594,-0.5006843383597419,0.370717429830866,0.004416480661584527,0.011913334270793465
3,1.0,0.5,0.52,1.0,0.1,10000,500,-0.17215958820226543,-0.5046429438800363,0.3324833556777709,0.003483598132444857,0.010477511348932054
3,1.0,0.5,1.0,1.0,0.1,10000,500,-0.18700864511145204,-0.5123919782092472,0.325383333097795,0.004451177461349645,0.013679795516790744
3,1.0,0.5,0.76,1.0,0.1,10000,500,-0.17596633847670617,-0.5075036195287195,0.3315372810520133,0.004306307786559109,0.012988909642060776
3,1.0,0.5,1.24,1.0,0.1,10000,500,-0.19655569842002307,-0.5141475341753274,0.3175918357553043,0.00474525426030317,0.014941360973646867
3,1.0,0.5,1.48,1.0,0.1,10000,500,-0.208879671141429,-0.5103878557406359,0.301508184599207,0.004725377178494758,0.015672467348692952
4,1.0,0.5,0.24,1.0,0.1,10000,500,-0.13565172836901768,-0.5014020169449235,0.36575028857590586,0.0033426965842101213,0.009139286252446513
4,1.0,0.5,0.48,1.0,0.1,10000,500,-0.12474241255319482,-0.5057957176972454,0.38105330514405056,0.003838815120282417,0.010074220767698682
4,1.0,0.5,0.72,1.0,0.1,10000,500,-0.13170753794469464,-0.5042519477021087,0.372544409757414,0.004236922018593786,0.011372931407970126
3,1.0,0.5,0.54,1.0,0.1,10000,500,-0.16587676164172818,-0.5027729057187716,0.33689614407704344,0.0037134472629787984,0.011022528242797534
3,1.0,0.5,1.02,1.0,0.1,10000,500,-0.18775753901213807,-0.5029638525336172,0.31520631352147904,0.0042669345819456896,0.013536957855556813
3,1.0,0.5,0.78,1.0,0.1,10000,500,-0.17560276321094023,-0.5079095886988627,0.33230682548792256,0.0039566130601304764,0.011906505544449842
3,1.0,0.5,1.26,1.0,0.1,10000,500,-0.19631118172198514,-0.5126693511904893,0.31635816946850415,0.004591913347344751,0.01451491945050564
4,1.0,0.5,0.02,1.0,0.1,10000,500,-0.3868474467988328,-0.505821143774359,0.11897369697552619,0.0006270030400348359,0.005270097979419899
4,1.0,0.5,0.26,1.0,0.1,10000,500,-0.13280380891979293,-0.5008324532035625,0.3680286442837696,0.0031851846817255915,0.008654719493164357
4,1.0,0.5,0.5,1.0,0.1,10000,500,-0.12750322372186643,-0.5053870536487483,0.3778838299268818,0.003757311731144885,0.009943033899788466
4,1.0,0.5,0.74,1.0,0.1,10000,500,-0.13328152730122164,-0.5141187891893209,0.3808372618880992,0.004004876132720052,0.010515977645844955
3,1.0,0.5,0.56,1.0,0.1,10000,500,-0.16556395678898916,-0.5013006854891872,0.335736728700198,0.003809236161882322,0.01134590241773591
3,1.0,0.5,1.04,1.0,0.1,10000,500,-0.18857159357080064,-0.5071783325817086,0.318606739010908,0.004405038870376718,0.013825943807880046
3,1.0,0.5,0.8,1.0,0.1,10000,500,-0.179118000685062,-0.5119289266252328,0.3328109259401708,0.0041711348401734715,0.012533046589111422
3,1.0,0.5,1.28,1.0,0.1,10000,500,-0.19226020890153714,-0.5051994624880836,0.31293925358654634,0.004571363017610268,0.014607828724644202
4,1.0,0.5,0.04,1.0,0.1,10000,500,-0.32418228593155857,-0.5142771983677181,0.19009491243615953,0.0011359451867524835,0.005975673794710173
4,1.0,0.5,0.28,1.0,0.1,10000,500,-0.13234652715510697,-0.5062475738476461,0.37390104669253915,0.0030949455987730992,0.008277445666842676
4,1.0,0.5,0.52,1.0,0.1,10000,500,-0.12643167675744585,-0.5003746417918997,0.37394296503445384,0.003755193601168688,0.010042156029924771
4,1.0,0.5,0.76,1.0,0.1,10000,500,-0.13235974158542677,-0.5056840230413621,0.3733242814559353,0.0041778893223953,0.011191046309931571
3,1.0,0.5,0.58,1.0,0.1,10000,500,-0.17274044480896708,-0.509313910306081,0.3365734654971139,0.0040215403610132285,0.01194847714769634
3,1.0,0.5,1.06,1.0,0.1,10000,500,-0.19368172756653507,-0.49836521204319917,0.30468348447666416,0.004405315844229977,0.01445866306733597
3,1.0,0.5,0.8200000000000001,1.0,0.1,10000,500,-0.1758259314198921,-0.5042405114954336,0.3284145800755414,0.0040665780480669015,0.012382452834863524
3,1.0,0.5,1.3,1.0,0.1,10000,500,-0.19639432700963738,-0.5089748486744105,0.31258052166477296,0.004825973724339206,0.015439137725654006
4,1.0,0.5,0.06,1.0,0.1,10000,500,-0.2686881197084528,-0.5042340640382108,0.23554594432975792,0.001445571712775872,0.006137111453518007
4,1.0,0.5,0.3,1.0,0.1,10000,500,-0.1322868916355812,-0.5113837992027642,0.3790969075671831,0.003409955466444069,0.008994944032456294
4,1.0,0.5,0.54,1.0,0.1,10000,500,-0.12689696912886378,-0.5125559113140299,0.385658942185166,0.004086006034145235,0.010594869163395219
4,1.0,0.5,0.78,1.0,0.1,10000,500,-0.13018598616537655,-0.493652466374185,0.3634664802088085,0.0043471877886389,0.011960354050094182
3,1.0,0.5,0.6,1.0,0.1,10000,500,-0.17014731134114017,-0.49790563449119124,0.32775832315005105,0.003983043752387202,0.01215238018704326
3,1.0,0.5,1.08,1.0,0.1,10000,500,-0.1860934834017034,-0.5035589022531243,0.3174654188514209,0.004264844538511734,0.013434044419520704
3,1.0,0.5,0.84,1.0,0.1,10000,500,-0.1800515639214636,-0.5070890521434356,0.32703748822197193,0.004332670780546371,0.013248238922400339
3,1.0,0.5,1.32,1.0,0.1,10000,500,-0.19587396916995614,-0.5057092959271292,0.3098353267571731,0.0046848661712935655,0.01512050359243002
4,1.0,0.5,0.08,1.0,0.1,10000,500,-0.2364896836960156,-0.5092436241335024,0.2727539404374867,0.0018253180834051528,0.006692178600526958
4,1.0,0.5,0.32,1.0,0.1,10000,500,-0.12800288174900634,-0.5086465482029804,0.3806436664539741,0.003486485898603766,0.009159448076683913
4,1.0,0.5,0.56,1.0,0.1,10000,500,-0.12670180564276357,-0.5080270750954116,0.38132526945264794,0.0038000953833988655,0.009965495832084508
4,1.0,0.5,0.8,1.0,0.1,10000,500,-0.13697964184892558,-0.5094607721319943,0.3724811302830686,0.004144982302475743,0.011128032980692865
3,1.0,0.5,0.62,1.0,0.1,10000,500,-0.16894875410314242,-0.5090702264981485,0.3401214723950059,0.00426013799423348,0.012525342678999978
3,1.0,0.5,1.1,1.0,0.1,10000,500,-0.19205096441629252,-0.5080428339207769,0.31599186950448416,0.0045852820214000185,0.014510759497041267
3,1.0,0.5,0.86,1.0,0.1,10000,500,-0.18462124719751088,-0.5088446439666156,0.3242233967691046,0.004315411445099604,0.01330999393659681
3,1.0,0.5,1.34,1.0,0.1,10000,500,-0.1996407409678165,-0.5074220912003738,0.30778135023255737,0.0048470070135579035,0.01574821544546328
4,1.0,0.5,0.1,1.0,0.1,10000,500,-0.2100284127332193,-0.5097727504080196,0.2997443376748004,0.0020729906866083486,0.006915862707162743
4,1.0,0.5,0.34,1.0,0.1,10000,500,-0.12536093312453064,-0.501667682039363,0.3763067489148323,0.003486451333884702,0.009264918431409195
4,1.0,0.5,0.58,1.0,0.1,10000,500,-0.12900464322451508,-0.505944348130936,0.376939704906421,0.004059707158049842,0.010770176516845592
4,1.0,0.5,0.8200000000000001,1.0,0.1,10000,500,-0.13678722398782792,-0.5047673539415707,0.3679801299537428,0.004332775732672441,0.011774482859216054
3,1.0,0.5,0.64,1.0,0.1,10000,500,-0.17381766503965182,-0.5118163585420294,0.3379986935023776,0.004130474911933786,0.012220387212546225
3,1.0,0.5,1.12,1.0,0.1,10000,500,-0.192534292316215,-0.5100601206951665,0.31752582837895155,0.004163914568814,0.013113624772106952
3,1.0,0.5,0.88,1.0,0.1,10000,500,-0.18589826016233074,-0.512397174212659,0.3264989140503281,0.004541160557129067,0.01390865439885987
3,1.0,0.5,1.36,1.0,0.1,10000,500,-0.1981667447443536,-0.5087490741000442,0.3105823293556904,0.00469425317150605,0.015114360115864856
4,1.0,0.5,0.12,1.0,0.1,10000,500,-0.18557545551488147,-0.4982047620364103,0.31262930652152887,0.002249168894446699,0.0071943635722193965
4,1.0,0.5,0.36,1.0,0.1,10000,500,-0.12698621620988731,-0.5066884515973848,0.37970223538749753,0.0034968295309786767,0.009209399379516576
4,1.0,0.5,0.6,1.0,0.1,10000,500,-0.12904970116920855,-0.5071342623705757,0.37808456120136713,0.0041352458882402045,0.010937357175073277
4,1.0,0.5,0.84,1.0,0.1,10000,500,-0.13399084336684278,-0.5078982085716379,0.37390736520479523,0.004321070400542243,0.011556526569556932
3,1.0,0.5,0.66,1.0,0.1,10000,500,-0.17368218302117813,-0.5091948523533287,0.3355126693321505,0.004063044979817578,0.012109959924628802
3,1.0,0.5,1.1400000000000001,1.0,0.1,10000,500,-0.190184095937528,-0.5047893707921315,0.31460527485460354,0.004615865516829948,0.014671926651462516
3,1.0,0.5,0.9,1.0,0.1,10000,500,-0.17866457174740774,-0.513730105229921,0.3350655334825134,0.00443826657352743,0.013245965729146108
3,1.0,0.5,1.3800000000000001,1.0,0.1,10000,500,-0.19742590901854953,-0.5029345490432118,0.3055086400246622,0.004828708442767333,0.015805472612419522
4,1.0,0.5,0.14,1.0,0.1,10000,500,-0.1739755186213116,-0.5059463303160856,0.331970811694774,0.002457438236057939,0.007402573206699259
4,1.0,0.5,0.38,1.0,0.1,10000,500,-0.12678849047225213,-0.5146942760434265,0.38790578557117444,0.003591550135899127,0.009258820748473047
4,1.0,0.5,0.62,1.0,0.1,10000,500,-0.12877367053038496,-0.506249429673523,0.37747575914313813,0.003968332006335731,0.010512812836892519
4,1.0,0.5,0.86,1.0,0.1,10000,500,-0.13585169114090676,-0.5072395129284539,0.3713878217875471,0.004297265403260125,0.011570830143478376
3,1.0,0.5,0.68,1.0,0.1,10000,500,-0.17297973066966624,-0.49743506459030806,0.3244553339206419,0.004060316933643194,0.012514255458769252
3,1.0,0.5,1.16,1.0,0.1,10000,500,-0.18834492444848866,-0.502407651328445,0.31406272687995634,0.004553518041710255,0.014498753439948124
3,1.0,0.5,0.92,1.0,0.1,10000,500,-0.18266054660617598,-0.509131932012677,0.32647138540650106,0.004304605222288415,0.013185245061917443
3,1.0,0.5,1.4000000000000001,1.0,0.1,10000,500,-0.19831208408945433,-0.5046338609635712,0.3063217768741169,0.004600720924298392,0.015019242089957781
4,1.0,0.5,0.16,1.0,0.1,10000,500,-0.1669508006701182,-0.5147829333949577,0.34783213272483965,0.002622010889670263,0.007538150282810309
4,1.0,0.5,0.4,1.0,0.1,10000,500,-0.12780091710118077,-0.5109569021031145,0.3831559850019338,0.003737328132149051,0.009754064345700324
4,1.0,0.5,0.64,1.0,0.1,10000,500,-0.1289723152481955,-0.5055969272952305,0.37662461204703507,0.00401968971141121,0.010672934223717722
4,1.0,0.5,0.88,1.0,0.1,10000,500,-0.13859364536998153,-0.5069557579410955,0.368362112571114,0.004151686248728857,0.011270665758078892
4,1.0,0.5,0.9,1.0,0.1,10000,500,-0.1414892225898751,-0.5204530148683087,0.37896379227843363,0.004147669830792485,0.010944765477080443
4,1.0,0.5,1.1400000000000001,1.0,0.1,10000,500,-0.14327952842305428,-0.5069998785148305,0.3637203500917763,0.00465139929948156,0.01278839443079797
4,1.0,0.5,1.3800000000000001,1.0,0.1,10000,500,-0.14888407638468187,-0.5033433719893432,0.35445929560466133,0.004693092470401543,0.013240144999994256
6,1.0,0.5,0.14,1.0,0.1,10000,500,-0.11279246151337267,-0.5068647469227616,0.39407228540938893,0.002969044438398711,0.007534263505271037
6,1.0,0.5,0.38,1.0,0.1,10000,500,-0.08467271746635344,-0.512588220343271,0.42791550287691743,0.003838604330546919,0.008970472686171942
6,1.0,0.5,0.62,1.0,0.1,10000,500,-0.08335604278826021,-0.5168493960261072,0.43349335323784705,0.004266698168261306,0.009842591902257553
6,1.0,0.5,0.86,1.0,0.1,10000,500,-0.08996076058859764,-0.5025582183733025,0.4125974577847048,0.004527726662539264,0.010973714396713156
6,1.0,0.5,1.1,1.0,0.1,10000,500,-0.09757202124515703,-0.5099464212632597,0.4123744000181026,0.004640785042490217,0.011253814597333135
4,1.0,0.5,0.92,1.0,0.1,10000,500,-0.13575161157897683,-0.5128913963186283,0.37713978473965154,0.004308275959399847,0.01142355204549409
4,1.0,0.5,1.16,1.0,0.1,10000,500,-0.14408571210404145,-0.5023141501038232,0.3582284379997818,0.004531188791419226,0.012648880744141217
4,1.0,0.5,1.4000000000000001,1.0,0.1,10000,500,-0.14551587681003947,-0.511000315424485,0.36548443861444546,0.004607387070872242,0.012606246898879977
6,1.0,0.5,0.16,1.0,0.1,10000,500,-0.1062258994721959,-0.5107722656589344,0.4045463661867384,0.0031982944625615767,0.007905878608449162
6,1.0,0.5,0.4,1.0,0.1,10000,500,-0.07989180821385995,-0.511022484741415,0.43113067652755505,0.003984284516842971,0.009241477662720484
6,1.0,0.5,0.64,1.0,0.1,10000,500,-0.0852601661047481,-0.5082023286191837,0.4229421625144356,0.004316170376774518,0.010205107835819516
6,1.0,0.5,0.88,1.0,0.1,10000,500,-0.09367025884030271,-0.5127210506188996,0.4190507917785969,0.004413754523472009,0.010532743548194968
6,1.0,0.5,1.12,1.0,0.1,10000,500,-0.09336729648020818,-0.5111400263349146,0.41777272985470654,0.004726653930679058,0.011313936006122034
4,1.0,0.5,0.9400000000000001,1.0,0.1,10000,500,-0.13481749793014317,-0.5066518337624956,0.3718343358323524,0.004306730013017491,0.011582389247020076
4,1.0,0.5,1.18,1.0,0.1,10000,500,-0.14577866867686717,-0.5061050273478214,0.3603263586709542,0.004606974933509735,0.012785561818187078
4,1.0,0.5,1.42,1.0,0.1,10000,500,-0.1477983434133882,-0.5156149505294437,0.36781660711605535,0.004909504683920136,0.013347697164666262
6,1.0,0.5,0.18,1.0,0.1,10000,500,-0.09290482493678232,-0.493164571488121,0.4002597465513386,0.0031101444820216704,0.007770315423469028
6,1.0,0.5,0.42,1.0,0.1,10000,500,-0.0833858645841654,-0.5064493040910278,0.4230634395068624,0.003949441146322479,0.00933534022917718
6,1.0,0.5,0.66,1.0,0.1,10000,500,-0.08596511949262207,-0.5035997535904901,0.417634634097868,0.004139888771238779,0.009912704630403432
6,1.0,0.5,0.9,1.0,0.1,10000,500,-0.09447671934302063,-0.5074516230159126,0.41297490367289197,0.004431005837810929,0.010729479681217211
6,1.0,0.5,1.1400000000000001,1.0,0.1,10000,500,-0.09413038265641913,-0.5045796908544039,0.41044930819798475,0.004373720165660698,0.010655932604352169
4,1.0,0.5,0.96,1.0,0.1,10000,500,-0.14176667281368655,-0.518198963224385,0.3764322904106984,0.004481706982983987,0.011905745328314732
4,1.0,0.5,1.2,1.0,0.1,10000,500,-0.14109519791157427,-0.5127298372059237,0.3716346392943494,0.004492935106098104,0.012089656428768797
4,1.0,0.5,1.44,1.0,0.1,10000,500,-0.14451942503967286,-0.5087404769924306,0.3642210519527579,0.004655794515608553,0.012782881414038756
6,1.0,0.5,0.2,1.0,0.1,10000,500,-0.09635830709460191,-0.5100807284625429,0.41372242136794096,0.003363161488537957,0.008129028824248697
6,1.0,0.5,0.44,1.0,0.1,10000,500,-0.08038327850139597,-0.5045650326341877,0.42418175413279174,0.004039496787616877,0.009523032870367869
6,1.0,0.5,0.68,1.0,0.1,10000,500,-0.08652899858447635,-0.5101637788080726,0.4236347802235962,0.004467775597752656,0.010546290829554989
6,1.0,0.5,0.92,1.0,0.1,10000,500,-0.09052060245742924,-0.5057470650534731,0.4152264625960438,0.004261789807630534,0.010263772161786925
6,1.0,0.5,1.16,1.0,0.1,10000,500,-0.09507794253109433,-0.505345509792719,0.41026756726162467,0.004812790751228473,0.011730858433075678
4,1.0,0.5,0.98,1.0,0.1,10000,500,-0.13806445833049116,-0.5089126071973888,0.37084814886689765,0.004551853676715251,0.01227417122243469
4,1.0,0.5,1.22,1.0,0.1,10000,500,-0.14681106099333013,-0.5158736847007686,0.3690626237074383,0.004506779917969513,0.012211423288265862
4,1.0,0.5,1.46,1.0,0.1,10000,500,-0.1505854403468696,-0.5046141502492159,0.35402870990234625,0.004674905869186026,0.013204877848679368
6,1.0,0.5,0.22,1.0,0.1,10000,500,-0.09042615733035808,-0.5122013744022524,0.4217752170718945,0.0033419107301880953,0.007923440247126809
6,1.0,0.5,0.46,1.0,0.1,10000,500,-0.08472093735790055,-0.5071078216401406,0.42238688428223997,0.00399067157267149,0.009447905986599985
6,1.0,0.5,0.7000000000000001,1.0,0.1,10000,500,-0.09052414430863139,-0.5005526132444919,0.4100284689358605,0.004391067363452912,0.010709176791672466
6,1.0,0.5,0.9400000000000001,1.0,0.1,10000,500,-0.090539033181893,-0.5113951159537715,0.4208560827718785,0.004688225787248332,0.011139736311687208
6,1.0,0.5,1.18,1.0,0.1,10000,500,-0.09575293033296475,-0.510660009790414,0.41490707945744926,0.0044087968288067,0.0106259860269722
4,1.0,0.5,1.0,1.0,0.1,10000,500,-0.14249725684042472,-0.5088227930790844,0.36632553623865965,0.004533746320976819,0.012376277033613898
4,1.0,0.5,1.24,1.0,0.1,10000,500,-0.14533146862040555,-0.5210571183466213,0.3757256497262157,0.0048184010695313285,0.012824253742171736
4,1.0,0.5,1.48,1.0,0.1,10000,500,-0.14823203163804108,-0.5126874546181359,0.3644554229800949,0.004661025335387959,0.012789013529488694
6,1.0,0.5,0.24,1.0,0.1,10000,500,-0.0887310701727198,-0.5125924678485527,0.4238613976758328,0.0034055942425496692,0.008034688370357925
6,1.0,0.5,0.48,1.0,0.1,10000,500,-0.07994803582735126,-0.5034062334172624,0.4234581975899112,0.004136622162107438,0.009768667097840574
6,1.0,0.5,0.72,1.0,0.1,10000,500,-0.08884963513194499,-0.5031366844331058,0.4142870493011608,0.0047480456185329525,0.011460762837125087
6,1.0,0.5,0.96,1.0,0.1,10000,500,-0.0918660030926935,-0.503666396115542,0.41180039302284854,0.004469142303063761,0.010852690718087277
6,1.0,0.5,1.2,1.0,0.1,10000,500,-0.09456105236259586,-0.5111915816936539,0.41663052933105804,0.004527343977997111,0.010866568000348449
4,1.0,0.5,1.02,1.0,0.1,10000,500,-0.14268488305893473,-0.5107681871536641,0.3680833040947295,0.004544497210999257,0.012346382355418354
4,1.0,0.5,1.26,1.0,0.1,10000,500,-0.14572410648809916,-0.5044849654271378,0.35876085893903864,0.004662037813624565,0.012994834016764208
6,1.0,0.5,0.02,1.0,0.1,10000,500,-0.3274390561832011,-0.5053960770344444,0.1779570208512432,0.0009194662934885508,0.005166788526186588
6,1.0,0.5,0.26,1.0,0.1,10000,500,-0.0851796333959202,-0.5100045857755406,0.42482495237962037,0.0036703076890975783,0.008639576532731107
6,1.0,0.5,0.5,1.0,0.1,10000,500,-0.08432070968833305,-0.5110565120437542,0.4267358023554212,0.004200226647504604,0.009842686327983104
6,1.0,0.5,0.74,1.0,0.1,10000,500,-0.09177461088209089,-0.5095504959846816,0.4177758851025907,0.004456984149039455,0.010668361454000583
6,1.0,0.5,0.98,1.0,0.1,10000,500,-0.09551285204266555,-0.5034099344203307,0.4078970823776652,0.004315590431755862,0.010580096348323785
6,1.0,0.5,1.22,1.0,0.1,10000,500,-0.09786000327537024,-0.5051882575321482,0.407328254256778,0.00437971810495874,0.0107523061785883
4,1.0,0.5,1.04,1.0,0.1,10000,500,-0.14030885333864543,-0.5152342186858669,0.3749253653472215,0.004331669407954344,0.011553417848757042
4,1.0,0.5,1.28,1.0,0.1,10000,500,-0.14710864255825903,-0.5151088441663184,0.36800020160805935,0.004574646776427156,0.01243109856037364
6,1.0,0.5,0.04,1.0,0.1,10000,500,-0.2433703717858679,-0.5055966477684315,0.26222627598256354,0.0015717102251998365,0.005993717522436027
6,1.0,0.5,0.28,1.0,0.1,10000,500,-0.0830927901487017,-0.5042304063114597,0.42113761616275797,0.003639643640703715,0.008642409276727003
6,1.0,0.5,0.52,1.0,0.1,10000,500,-0.08415888278348198,-0.5090760534903623,0.42491717070688045,0.004292818173973517,0.010102717588070409
6,1.0,0.5,0.76,1.0,0.1,10000,500,-0.08978536677711604,-0.5116395504993324,0.4218541837222165,0.004227945236463602,0.010022290638813786
6,1.0,0.5,1.0,1.0,0.1,10000,500,-0.09521720375556757,-0.5001738377765077,0.4049566340209402,0.004326135763511592,0.010682960593967918
6,1.0,0.5,1.24,1.0,0.1,10000,500,-0.09903270423664301,-0.5024294505338034,0.40339674629716044,0.00455974439519073,0.011303374251392237
4,1.0,0.5,1.06,1.0,0.1,10000,500,-0.1419400615159449,-0.5148154490613788,0.3728753875454338,0.00447155096506897,0.011992078625795929
4,1.0,0.5,1.3,1.0,0.1,10000,500,-0.14580414293403524,-0.5010115619127995,0.3552074189787642,0.0047011477209121,0.013234936743236083
6,1.0,0.5,0.06,1.0,0.1,10000,500,-0.19338111987073736,-0.5074005047196269,0.3140193848488897,0.0019798741006697607,0.006304942294000425
6,1.0,0.5,0.3,1.0,0.1,10000,500,-0.08441128571179761,-0.5080557380968772,0.4236444523850795,0.0036209262144057397,0.008547087525920042
6,1.0,0.5,0.54,1.0,0.1,10000,500,-0.0812601011472773,-0.5047853210903863,0.423525219943109,0.004207567436475965,0.009934632551613235
6,1.0,0.5,0.78,1.0,0.1,10000,500,-0.08775131640424777,-0.5059879982901165,0.4182366818858688,0.004383756285869293,0.010481520334616563
6,1.0,0.5,1.02,1.0,0.1,10000,500,-0.09187952109119253,-0.5035172476885477,0.41163772659735504,0.004422968852875428,0.010744809251173838
6,1.0,0.5,1.26,1.0,0.1,10000,500,-0.09893225509476923,-0.5087859864120627,0.4098537313172935,0.004651227141293568,0.011348505054093946
4,1.0,0.5,1.32,1.0,0.1,10000,500,-0.14859160100294916,-0.5060745776743889,0.3574829766714396,0.0044697321968049765,0.012503342784104319
4,1.0,0.5,1.08,1.0,0.1,10000,500,-0.1455823430124489,-0.5087043012148359,0.36312195820238696,0.004707612072964274,0.012964272654479558
6,1.0,0.5,0.08,1.0,0.1,10000,500,-0.1623274351477661,-0.5102085361634671,0.347881101015701,0.00223765630193162,0.006432244509398133
6,1.0,0.5,0.32,1.0,0.1,10000,500,-0.08205189101175342,-0.5004875159440458,0.4184356249322925,0.0037700757163927285,0.009009930062725343
6,1.0,0.5,0.56,1.0,0.1,10000,500,-0.08423189160786133,-0.5079022870565031,0.42367039544864177,0.004164617195790215,0.00982985179169796
6,1.0,0.5,0.8,1.0,0.1,10000,500,-0.09176609694854546,-0.5178587237615923,0.4260926268130468,0.004311259391794356,0.010118127187603207
6,1.0,0.5,1.04,1.0,0.1,10000,500,-0.09262218364043392,-0.5029147844577101,0.41029260081727625,0.004477304578147101,0.01091246727147553
6,1.0,0.5,1.28,1.0,0.1,10000,500,-0.09644546793939779,-0.503995238336393,0.4075497703969953,0.004540872208820899,0.01114188385972497
4,1.0,0.5,1.34,1.0,0.1,10000,500,-0.14880200559439677,-0.5124604096673586,0.3636584040729618,0.004712408251163135,0.012958337270318305
4,1.0,0.5,1.1,1.0,0.1,10000,500,-0.1401563539166234,-0.5016464765500255,0.3614901226334021,0.004616700139445373,0.01277130369652536
2,1.0,0.5,0.02,1.0,0.1,10000,10,-0.4533332140317578,-0.4972351969573145,0.0439019829255567,0.0014575914421114725,0.03320103888207208
2,1.0,0.5,0.26,1.0,0.1,10000,50,-0.282275153922799,-0.5156158652915577,0.23334071136875867,0.006898124787594521,0.029562457177449455
2,1.0,0.5,0.74,1.0,0.1,10000,50,-0.2862507043101866,-0.5206779050368499,0.23442720072666318,0.012900783020001307,0.05503108419164775
2,1.0,0.5,0.5,1.0,0.1,10000,50,-0.24024534193170569,-0.4727230154288877,0.23247767349718207,0.008463760594541936,0.03640676744231324
2,1.0,0.5,0.02,1.0,0.1,10000,50,-0.47126872010715276,-0.5174231483726233,0.046154428265470386,0.0007473784349731875,0.016192995191586533
2,1.0,0.5,1.22,1.0,0.1,10000,50,-0.28983029501036545,-0.4951266475459999,0.20529635253563452,0.014904940803469663,0.07260207314634351
3,1.0,0.5,0.22,1.0,0.1,10000,50,-0.19732739484971729,-0.5158294676549299,0.3185020728052126,0.008375059184705843,0.026295148131823327
2,1.0,0.5,1.46,1.0,0.1,10000,50,-0.3124098795273777,-0.5044163621723997,0.1920064826450221,0.01630008742654701,0.08489342235742268
2,1.0,0.5,0.98,1.0,0.1,10000,50,-0.26853172721113244,-0.5158183061451582,0.24728657893402572,0.012489674261868746,0.0505068828066116
2,1.0,0.5,0.76,1.0,0.1,10000,50,-0.25270051945602007,-0.48139655174134977,0.2286960322853297,0.012064363087252259,0.05275283076271437
2,1.0,0.5,0.52,1.0,0.1,10000,50,-0.2600167768346677,-0.5082770611362603,0.24826028430159255,0.009018423205714509,0.03632648383967333
2,1.0,0.5,0.04,1.0,0.1,10000,50,-0.4204913737487745,-0.49901318849602017,0.07852181474724572,0.001756336730036407,0.022367500492568703
3,1.0,0.5,0.24,1.0,0.1,10000,50,-0.1988619036392632,-0.5155362316309646,0.3166743279917014,0.009759685450348322,0.03081931368495421
2,1.0,0.5,0.28,1.0,0.1,10000,50,-0.2660586800311779,-0.48681976033308727,0.22076108030190947,0.009024033918675919,0.04087692407708274
2,1.0,0.5,1.0,1.0,0.1,10000,50,-0.2998732580683246,-0.5279414254227884,0.2280681673544639,0.012946411479986389,0.05676553475288402
2,1.0,0.5,1.24,1.0,0.1,10000,50,-0.2760242327626315,-0.4928524345404005,0.21682820177776907,0.014207504050407781,0.06552424423539377
2,1.0,0.5,1.48,1.0,0.1,10000,50,-0.32493788582756866,-0.5072426267179857,0.18230474089041707,0.016046513679697328,0.08802027638624521
2,1.0,0.5,0.78,1.0,0.1,10000,50,-0.2688716343232714,-0.52137214031568,0.2525005059924086,0.010687451105700674,0.04232645421321252
2,1.0,0.5,0.54,1.0,0.1,10000,50,-0.24178907143805362,-0.5079135675810753,0.26612449614302175,0.010169861551189768,0.03821467658401592
2,1.0,0.5,0.06,1.0,0.1,10000,50,-0.4106930154093823,-0.5163430901284858,0.10565007471910348,0.0024483032236793526,0.02317370082499955
2,1.0,0.5,0.3,1.0,0.1,10000,50,-0.2760328547538298,-0.5122325095145153,0.23619965476068533,0.007396532448883386,0.03131474707859952
2,1.0,0.5,1.02,1.0,0.1,10000,50,-0.2893085486942672,-0.5204441902106249,0.23113564151635774,0.013851112605694377,0.05992633812260459
2,1.0,0.5,1.26,1.0,0.1,10000,50,-0.2881591954391569,-0.48990237571478285,0.20174318027562602,0.013589608352211825,0.06736093053378757
3,1.0,0.5,0.02,1.0,0.1,10000,50,-0.4284000758972463,-0.5147042516410297,0.08630417574378337,0.0015521540820204835,0.017984692729451017
2,1.0,0.5,0.8,1.0,0.1,10000,50,-0.27549201139301455,-0.5197574426710925,0.2442654312780779,0.01052351902157505,0.043082309954840935
2,1.0,0.5,0.56,1.0,0.1,10000,50,-0.26066637951152766,-0.5123899479130493,0.25172356840152155,0.011865344204781584,0.04713640554250884
2,1.0,0.5,0.08,1.0,0.1,10000,50,-0.3837734967041423,-0.5123752821704363,0.12860178546629397,0.0026832346521932235,0.0208646765086826
3,1.0,0.5,0.28,1.0,0.1,10000,50,-0.1668222192804151,-0.5135325886897433,0.34671036940932815,0.009767436347055103,0.028171745666838173
2,1.0,0.5,0.32,1.0,0.1,10000,50,-0.2632445676355256,-0.5134239514048228,0.2501793837692971,0.007368018146801273,0.029450940504337043
2,1.0,0.5,1.04,1.0,0.1,10000,50,-0.27819742342751863,-0.4971637022214492,0.2189662787939304,0.013675140647555787,0.062453181023483025
2,1.0,0.5,1.28,1.0,0.1,10000,50,-0.2936344249737977,-0.48528456139650744,0.1916501364227097,0.013412322654071785,0.06998337128489768
3,1.0,0.5,0.04,1.0,0.1,10000,50,-0.38529769454745305,-0.5258850953900055,0.1405874008425525,0.0023862509547548363,0.01697343389559681
2,1.0,0.5,0.8200000000000001,1.0,0.1,10000,50,-0.27928422018583365,-0.5296723895747161,0.25038816938888225,0.011915725097711249,0.0475890100031233
2,1.0,0.5,0.58,1.0,0.1,10000,50,-0.25808569907496476,-0.5112255957128798,0.2531398966379151,0.012327877425190386,0.048699859599073275
2,1.0,0.5,0.1,1.0,0.1,10000,50,-0.36846428646474133,-0.5207149374816651,0.15225065101692384,0.0034587847915670865,0.022717701162293328
3,1.0,0.5,0.3,1.0,0.1,10000,50,-0.15949883094365666,-0.48416589800909066,0.32466706706543397,0.010233491781932173,0.031519956349221265
2,1.0,0.5,0.34,1.0,0.1,10000,50,-0.2710687953349693,-0.516595810504605,0.24552701516963563,0.007302424798992224,0.029741838363273175
2,1.0,0.5,1.06,1.0,0.1,10000,50,-0.2733877781601454,-0.5203930530514466,0.2470052748913012,0.012189869001175193,0.049350642436844915
2,1.0,0.5,1.3,1.0,0.1,10000,50,-0.31549074229639185,-0.5024812455288835,0.18699050323249172,0.015988129953825946,0.08550236336840783
3,1.0,0.5,0.06,1.0,0.1,10000,50,-0.3101234695271916,-0.48727069413911034,0.17714722461191865,0.0031987230813436056,0.018056862524101845
2,1.0,0.5,0.84,1.0,0.1,10000,50,-0.27035862197514154,-0.5133106496537497,0.2429520276786083,0.014361443611849456,0.05911226075811002
2,1.0,0.5,0.12,1.0,0.1,10000,50,-0.3328242381666282,-0.4943885572501661,0.16156431908353788,0.0035911064247826532,0.022227100916544874
3,1.0,0.5,0.32,1.0,0.1,10000,50,-0.1773040501310445,-0.4991324474482039,0.3218283973171593,0.009290754751237175,0.028868660530541098
2,1.0,0.5,0.36,1.0,0.1,10000,50,-0.2497968161567612,-0.48691735681616677,0.23712054065940552,0.008444630969203604,0.0356132410364789
2,1.0,0.5,1.08,1.0,0.1,10000,50,-0.2985193937677277,-0.529631769425616,0.23111237565788825,0.012304350450544801,0.05323968660492125
2,1.0,0.5,1.32,1.0,0.1,10000,50,-0.3031598880894571,-0.5086210670788713,0.2054611789894142,0.015318233646482868,0.07455536720770056
3,1.0,0.5,0.08,1.0,0.1,10000,50,-0.28532274867232593,-0.4945823797710907,0.2092596310987649,0.004474246553645338,0.02138131721896047
2,1.0,0.5,0.86,1.0,0.1,10000,50,-0.2899350101622855,-0.5337709144600092,0.24383590429772373,0.010034054134825485,0.04115084759041023
2,1.0,0.5,0.62,1.0,0.1,10000,50,-0.23711223482288532,-0.4936756075131843,0.2565633726902991,0.011375940661228375,0.044339690977481874
2,1.0,0.5,0.14,1.0,0.1,10000,50,-0.32962414695767767,-0.5080763715228029,0.17845222456512524,0.004508342276034661,0.025263581258351663
3,1.0,0.5,0.34,1.0,0.1,10000,50,-0.168995049061751,-0.4983342624756956,0.3293392134139447,0.010501987321829455,0.03188805612597843
2,1.0,0.5,0.38,1.0,0.1,10000,50,-0.2534118129885254,-0.4928345748426776,0.23942276185415223,0.008353711754024284,0.03489105083130344
2,1.0,0.5,1.1,1.0,0.1,10000,50,-0.2958661512243572,-0.514266615209599,0.2184004639852419,0.011571087354432094,0.05298105664836863
2,1.0,0.5,1.34,1.0,0.1,10000,50,-0.2991208245631737,-0.51355660103731,0.21443577647413645,0.011942628168521697,0.055693263339208335
3,1.0,0.5,0.1,1.0,0.1,10000,50,-0.24587014502548296,-0.4814582672720117,0.23558812224652873,0.006215657348565082,0.026383576936280226
2,1.0,0.5,0.88,1.0,0.1,10000,50,-0.27716264161086174,-0.5209339299635827,0.24377128835272097,0.011585463348366283,0.04752595527822326
2,1.0,0.5,0.64,1.0,0.1,10000,50,-0.24680249433886017,-0.4649232015861542,0.218120707247294,0.011164492573633823,0.051184927440089845
2,1.0,0.5,0.16,1.0,0.1,10000,50,-0.31480162879471335,-0.5177261120384766,0.20292448324376333,0.004710559836548596,0.0232133637166395
2,1.0,0.5,0.4,1.0,0.1,10000,50,-0.25619791377173784,-0.5126996795487219,0.256501765776984,0.008186282716403601,0.03191511252020456
3,1.0,0.5,0.36,1.0,0.1,10000,50,-0.15591102440555565,-0.4866736094160302,0.3307625850104745,0.009272425761017267,0.02803347833529488
2,1.0,0.5,1.12,1.0,0.1,10000,50,-0.2823046171940623,-0.4876858984864492,0.2053812812923869,0.015032139123016274,0.07319137863209683
2,1.0,0.5,1.36,1.0,0.1,10000,50,-0.2975095723370023,-0.5097965669008147,0.21228699456381242,0.014947414427037264,0.07041135260193315
3,1.0,0.5,0.12,1.0,0.1,10000,50,-0.25876386518033495,-0.5143022639780269,0.25553839879769197,0.00530568600558367,0.02076277393357288
2,1.0,0.5,0.9,1.0,0.1,10000,50,-0.2915648329029547,-0.5304302404240495,0.2388654075210949,0.012573447222846259,0.05263820891158491
2,1.0,0.5,0.66,1.0,0.1,10000,50,-0.2546325725013623,-0.5299031415806744,0.2752705690793122,0.01219920185686857,0.04431713095108864
2,1.0,0.5,0.18,1.0,0.1,10000,50,-0.3028894384668745,-0.5111643336297002,0.20827489516282566,0.006256438395589165,0.030039330427692648
2,1.0,0.5,0.42,1.0,0.1,10000,50,-0.24926875087203595,-0.5171665374207348,0.2678977865486989,0.009632055989594407,0.03595422012881572
3,1.0,0.5,0.38,1.0,0.1,10000,50,-0.1619779398352241,-0.48296532612113346,0.3209873862859093,0.010278707394105776,0.03202215362117172
2,1.0,0.5,1.1400000000000001,1.0,0.1,10000,50,-0.2978610463077149,-0.498277549741757,0.200416503434042,0.011632895010575909,0.058043598262876334
2,1.0,0.5,1.3800000000000001,1.0,0.1,10000,50,-0.31740344266741083,-0.5245538757360112,0.20715043306860045,0.015446487716166465,0.0745665238896757
3,1.0,0.5,0.14,1.0,0.1,10000,50,-0.22969613627117982,-0.4982293176356154,0.2685331813644356,0.005587469047404199,0.020807369201131434
2,1.0,0.5,0.92,1.0,0.1,10000,50,-0.27005408134300185,-0.47142152219904926,0.20136744085604735,0.013491958357929155,0.0670016875646457
2,1.0,0.5,0.68,1.0,0.1,10000,50,-0.2571984717291828,-0.4966986686588364,0.23950019692965363,0.01271336248163406,0.05308288946989154
2,1.0,0.5,0.2,1.0,0.1,10000,50,-0.287487231441952,-0.5064273041100041,0.21894007266805215,0.006202443971147876,0.02832941405181574
3,1.0,0.5,0.4,1.0,0.1,10000,50,-0.15645930084807078,-0.4814829333079962,0.3250236324599254,0.009771239980088584,0.030063167733790416
2,1.0,0.5,0.44,1.0,0.1,10000,50,-0.2684115197281205,-0.5324782013792339,0.26406668165111336,0.007480152750078922,0.028326757102820527
2,1.0,0.5,1.16,1.0,0.1,10000,50,-0.2888367899975826,-0.4933337477045876,0.20449695770700507,0.013517259852690039,0.06610005353750553
2,1.0,0.5,1.4000000000000001,1.0,0.1,10000,50,-0.32487788133468654,-0.5126008308607289,0.1877229495260425,0.01492920087389905,0.07952784095706927
3,1.0,0.5,0.16,1.0,0.1,10000,50,-0.22713674437386547,-0.5122634151018084,0.28512667072794295,0.007508026301933136,0.026332248339886132
2,1.0,0.5,0.9400000000000001,1.0,0.1,10000,50,-0.2794517101054651,-0.5152300592210873,0.23577834911562232,0.012180672516812286,0.05166153958792484
2,1.0,0.5,0.7000000000000001,1.0,0.1,10000,50,-0.25740421838373234,-0.5072165151466568,0.24981229676292446,0.010161532011012728,0.04067666861353975
2,1.0,0.5,0.22,1.0,0.1,10000,50,-0.29200475291881245,-0.5039159733656544,0.21191122044684207,0.006084965443659197,0.02871469208109068
2,1.0,0.5,0.46,1.0,0.1,10000,50,-0.25385187908199336,-0.49669102727542697,0.24283914819343352,0.00917045644866961,0.037763501136006634
3,1.0,0.5,0.42,1.0,0.1,10000,50,-0.16517746450380985,-0.5192697757759149,0.3540923112721051,0.01053827486412918,0.029761377269869486
2,1.0,0.5,1.18,1.0,0.1,10000,50,-0.29850196809280705,-0.5186573815055111,0.22015541341270403,0.012650189710273381,0.05746027097030449
2,1.0,0.5,1.42,1.0,0.1,10000,50,-0.33212911818147167,-0.5079668578831933,0.17583773970172165,0.016768384700133032,0.09536283125896466
3,1.0,0.5,0.18,1.0,0.1,10000,50,-0.2132569994035809,-0.5128068970201168,0.29954989761653594,0.007789772625145262,0.026004925012917936
2,1.0,0.5,0.96,1.0,0.1,10000,50,-0.27360365760265043,-0.5128957685146875,0.23929211091203711,0.013156788713651058,0.054982124832721475
2,1.0,0.5,0.72,1.0,0.1,10000,50,-0.2680745559342119,-0.5062620947431368,0.23818753880892485,0.0120264570111679,0.05049154574293486
2,1.0,0.5,0.24,1.0,0.1,10000,50,-0.27366139282760304,-0.5023168927068354,0.22865549987923234,0.005574498000319116,0.02437946169352308
2,1.0,0.5,0.48,1.0,0.1,10000,50,-0.2620702988571035,-0.5133024621967976,0.25123216333969434,0.009326031036107598,0.03712116678109302
3,1.0,0.5,0.44,1.0,0.1,10000,50,-0.17021998945607172,-0.5083989900125957,0.338179000556524,0.01052643801011063,0.031126823347362803
2,1.0,0.5,1.2,1.0,0.1,10000,50,-0.2881927182917915,-0.5006837399462176,0.21249102165442607,0.016697000512211714,0.07857744003587139
2,1.0,0.5,1.44,1.0,0.1,10000,50,-0.33073078175558984,-0.5168139501319503,0.18608316837636038,0.01366742312493204,0.07344792784960083
3,1.0,0.5,0.2,1.0,0.1,10000,50,-0.20167053841267524,-0.510115576098403,0.3084450376857277,0.008518406793334227,0.027617259973602065
3,1.0,0.5,0.46,1.0,0.1,10000,50,-0.1659686426431033,-0.5050703182105442,0.33910167556744075,0.010465097366088031,0.030861237558251833
3,1.0,0.5,0.7000000000000001,1.0,0.1,10000,50,-0.1714609453115822,-0.4945911255056206,0.32313018019403844,0.01417792928237576,0.043876834017367146
3,1.0,0.5,0.9400000000000001,1.0,0.1,10000,50,-0.18913955855664502,-0.5098044362943186,0.32066487773767355,0.014450948795843866,0.04506558029615504
3,1.0,0.5,1.18,1.0,0.1,10000,50,-0.18829436707566163,-0.5222295378308315,0.33393517075517,0.015216235650335802,0.04556643619156796
3,1.0,0.5,1.42,1.0,0.1,10000,50,-0.1965277949481749,-0.521093039263069,0.3245652443148942,0.014353346824967831,0.0442233020213408
4,1.0,0.5,0.18,1.0,0.1,10000,50,-0.16646259583906473,-0.525353000837614,0.3588904049985494,0.008527068036652671,0.023759531929217044
4,1.0,0.5,0.42,1.0,0.1,10000,50,-0.11508002700486959,-0.5104877096340756,0.39540768262920606,0.011099652853967542,0.028071414243046593
4,1.0,0.5,0.66,1.0,0.1,10000,50,-0.12990582795181715,-0.5089098584491999,0.37900403049738274,0.012983382323466354,0.0342565811409122
3,1.0,0.5,0.72,1.0,0.1,10000,50,-0.1765936250560046,-0.512080290214964,0.3354866651589595,0.013305247885134966,0.039659543185809505
3,1.0,0.5,0.48,1.0,0.1,10000,50,-0.18335037582521926,-0.5220911855125872,0.3387408096873679,0.012324460143001231,0.03638315724159653
3,1.0,0.5,0.96,1.0,0.1,10000,50,-0.187015964988074,-0.5003390966553138,0.31332313166723985,0.012938308322407159,0.04129381783451627
3,1.0,0.5,1.2,1.0,0.1,10000,50,-0.20187910299018672,-0.510229450951134,0.30835034796094724,0.01472532771096298,0.04775518434903129
3,1.0,0.5,1.44,1.0,0.1,10000,50,-0.19585870101015113,-0.5104546957142327,0.31459599470408156,0.014478362365771436,0.046022081048394205
4,1.0,0.5,0.2,1.0,0.1,10000,50,-0.1533581404018429,-0.5162571518016739,0.362899011399831,0.010083863439777704,0.027786968613886943
4,1.0,0.5,0.44,1.0,0.1,10000,50,-0.12063582552804301,-0.5139612785579956,0.3933254530299524,0.012826352788913847,0.03261002482831208
4,1.0,0.5,0.68,1.0,0.1,10000,50,-0.13133531035175136,-0.5079398016403871,0.3766044912886358,0.015711139304391934,0.041717875563917955
3,1.0,0.5,0.74,1.0,0.1,10000,50,-0.17465244638002225,-0.4959307220147708,0.32127827563474853,0.012176275138983115,0.03789946617127001
3,1.0,0.5,0.5,1.0,0.1,10000,50,-0.16536591665477635,-0.5204058532585891,0.35503993660381283,0.011947758777273337,0.03365187277679631
3,1.0,0.5,0.98,1.0,0.1,10000,50,-0.1873324652808155,-0.5103131262679432,0.32298066098712774,0.01486531291740122,0.046025396294528204
3,1.0,0.5,1.22,1.0,0.1,10000,50,-0.18966326984182127,-0.505965542800109,0.31630227295828767,0.013045708059751075,0.04124443348995939
3,1.0,0.5,1.46,1.0,0.1,10000,50,-0.20470530545403837,-0.5042148462025161,0.29950954074847774,0.014708519864312564,0.04910868557828177
4,1.0,0.5,0.22,1.0,0.1,10000,50,-0.14586968479586837,-0.5282543443737685,0.38238465957790024,0.009730903004710854,0.02544794295736765
4,1.0,0.5,0.46,1.0,0.1,10000,50,-0.1188724245605077,-0.5046983751794031,0.3858259506188954,0.011824777949833292,0.03064795908845792
4,1.0,0.5,0.7000000000000001,1.0,0.1,10000,50,-0.13566728099716208,-0.5013722449764888,0.3657049639793268,0.013374619035374874,0.03657215611689356
3,1.0,0.5,0.76,1.0,0.1,10000,50,-0.1795348301056238,-0.535640973421244,0.35610614331562024,0.013260002214148761,0.03723609508863849
3,1.0,0.5,0.52,1.0,0.1,10000,50,-0.1632068862174746,-0.5170527171974664,0.3538458309799918,0.010560379290837979,0.029844577401379968
3,1.0,0.5,1.0,1.0,0.1,10000,50,-0.17738765877265178,-0.5088721406493344,0.3314844818766827,0.014698740897849965,0.044342168944482056
3,1.0,0.5,1.24,1.0,0.1,10000,50,-0.19560198958373048,-0.4971327140257047,0.30153072444197415,0.01550008269971871,0.051404654462339903
3,1.0,0.5,1.48,1.0,0.1,10000,50,-0.20478435278652452,-0.4877770953045163,0.2829927425179918,0.017476040298981865,0.06175437625532321
4,1.0,0.5,0.24,1.0,0.1,10000,50,-0.1506888056075969,-0.5211197947744209,0.3704309891668241,0.009651548918954662,0.026054917653253015
4,1.0,0.5,0.48,1.0,0.1,10000,50,-0.13500632904366866,-0.5097113576797044,0.37470502863603583,0.013326183884652827,0.03556446502242439
4,1.0,0.5,0.72,1.0,0.1,10000,50,-0.13321312897069323,-0.5214520437926451,0.3882389148219519,0.014075496455975832,0.03625472851538058
3,1.0,0.5,0.78,1.0,0.1,10000,50,-0.1930029135099593,-0.5143316556345225,0.32132874212456314,0.012535100360595424,0.03901020580267977
3,1.0,0.5,0.54,1.0,0.1,10000,50,-0.17365444031785365,-0.5262241957545815,0.3525697554367278,0.010738235018418033,0.030457050988723047
3,1.0,0.5,1.02,1.0,0.1,10000,50,-0.17974158319810546,-0.5046101330495398,0.3248685498514343,0.01590197409201701,0.048948949041971425
3,1.0,0.5,1.26,1.0,0.1,10000,50,-0.1950934986046165,-0.5119788649773911,0.31688536637277465,0.013014586516787765,0.04107032983491509
4,1.0,0.5,0.02,1.0,0.1,10000,50,-0.40969214103072604,-0.5305451329864692,0.12085299195574323,0.002099928207277668,0.01737588927915553
4,1.0,0.5,0.26,1.0,0.1,10000,50,-0.13040616369125,-0.5014286667396664,0.37102250304841633,0.009347768667621619,0.025194613778997087
4,1.0,0.5,0.5,1.0,0.1,10000,50,-0.12668058563599582,-0.5082807147928593,0.3816001291568634,0.01575807141990664,0.04129472244866303
